2025-03-07 17:25:37,786522927,Im_Discombobulated,üî•
2025-03-07 17:25:37,786522927,Im_Discombobulated,–∫—Ä–∞—Å–æ—Ç–∏—â–µ
2025-03-07 17:25:37,1063474249,nosignalx2k,–∫–∞–π—Ñ
2025-03-07 17:25:37,1048310787,jesuisdetesteparlemondeentierrr,–ü–æ—ç—Ç–æ–º—É –∏ –ª—é–±–∏–º—ã–π
2025-03-07 17:26:16,1063474249,nosignalx2k,—é
2025-03-07 17:26:17,1063474249,nosignalx2k,—é
2025-03-07 17:26:18,1063474249,nosignalx2k,—é
2025-03-07 17:26:40,893674834,b_ars22,–î–µ–ª–∞–µ—à—å
2025-03-07 17:26:42,1063474249,nosignalx2k,–î–∞
2025-03-07 17:26:47,893674834,b_ars22,—é
2025-03-07 17:26:49,893674834,b_ars22,—é
2025-03-07 17:26:51,893674834,b_ars22,—é
2025-03-07 17:27:06,893674834,b_ars22,—Ñ
2025-03-07 17:27:08,893674834,b_ars22,—Ñ
2025-03-07 17:27:10,893674834,b_ars22,—Ñ
2025-03-07 17:27:12,893674834,b_ars22,—É
2025-03-07 17:27:13,893674834,b_ars22,—É
2025-03-07 17:27:15,893674834,b_ars22,—É
2025-03-07 17:29:08,893674834,b_ars22,"–î–µ–Ω—å–≥–∏üëç‚ù§Ô∏èüòòüòç
–†–∞–±–æ—Ç–∞üëéüôàüò°üí©"
2025-03-07 17:30:34,893674834,b_ars22,–ö–∞–ø–µ—Ü —Å—Ç–∏—Ä–∞—é—Ç –Ω–∞—Å
2025-03-07 17:30:42,893674834,b_ars22,–ö–∞–∫–æ–≥–æ —Ç—ã –°—Ç–∞—Å–∞ –∑–≤–∞–ª
2025-03-07 17:30:44,893674834,b_ars22,–í–∞–¥–∏–º
2025-03-07 17:31:48,786522927,Im_Discombobulated,ü´∞
2025-03-07 17:31:48,1063474249,nosignalx2k,?
2025-03-07 17:31:48,893674834,b_ars22,–°—Ç–∞—Å –Ω–∞–ø–∏—Å–∞–Ω–æ –±—ã–ª–æ
2025-03-07 17:32:02,786522927,Im_Discombobulated,–õ–≥—É–Ω—å—è
2025-03-07 17:32:48,893674834,b_ars22,–ù–µ –æ–±–∑—ã–≤–∞–π –∞–±–æ–±—É –Ω–æ—Ç–∏—Ñ–µ—Ä–∞
2025-03-07 17:32:58,1063474249,nosignalx2k,–±–ª—è—Ç—å
2025-03-07 17:33:08,1063474249,nosignalx2k,–Ω—É —Ç—ã —Ç–æ–∂–µ
2025-03-07 17:33:12,1063474249,nosignalx2k,–Ω–µ –ø—Ä–∏–¥—É–º—ã–≤–∞–π
2025-03-07 17:33:15,893674834,b_ars22,–ß–µ –æ–Ω–∞ –Ω–µ —Ä–µ–∞–≥–∏—Ä—É–µ—Ç?
2025-03-07 17:33:28,1063474249,nosignalx2k,–∞—Ö—É–µ–≤—à–∏–µ
2025-03-07 17:33:31,1063474249,nosignalx2k,–æ—Ç–∫—É–¥–∞ —É –Ω–µ–µ –¥–µ–Ω—å–≥–∏
2025-03-07 17:33:32,893674834,b_ars22,üòÇüòÇüòÇüòÇ
2025-03-07 17:33:34,1063474249,nosignalx2k,–µ—ë —è —Å–¥–µ–ª–∞–ª
2025-03-07 17:33:41,893674834,b_ars22,–¢–∞–∫ –∑–∞–¥–æ–Ω–∞—Ç—å —Ç—É–¥–∞
2025-03-07 17:33:48,893674834,b_ars22,–ß—Ç–æ–±—ã –∏–Ω—Ç–µ—Ä–µ—Å–Ω–µ–µ –±—ã–ª–æ
2025-03-07 17:33:54,893674834,b_ars22,–ì–æ –≤—â –∫–∞–∑–∏–Ω–æ —É—Å—Ç—Ä–æ–∏–º
2025-03-07 17:34:06,786522927,Im_Discombobulated,–ì–æ –∫–∞–∑–∏–∫ —Å—Ç—Ä–∏–º–∏—Ç—å
2025-03-07 17:34:11,893674834,b_ars22,–ù–µ
2025-03-07 17:34:18,1063474249,nosignalx2k,–í–æ—Ç –æ–Ω–æ
2025-03-07 17:34:22,1063474249,nosignalx2k,–±—É–¥—É—â–µ–µ –Ω–µ–π—Ä–æ—Ñ–ª–µ–∫—Å–∞
2025-03-07 17:34:23,893674834,b_ars22,"–Ø —á–µ –∫–ª–æ—É–Ω, —á—Ç–æ–±—ã —Å—Ç—Ä–∏–º–∏—Ç—å"
2025-03-07 17:34:29,1063474249,nosignalx2k,–∫–æ–Ω–∫—É—Ä–µ–Ω—Ç—ã winline
2025-03-07 17:34:42,893674834,b_ars22,–§—Ä–∏–±–µ—Ç—ã –∑–∞–∫–æ–Ω—á–∏–ª–∏—Å—å
2025-03-07 17:35:09,1063474249,nosignalx2k,/—Ö–≤–∞—Ç–∏—Ç—Ç–µ–≥–∞—Ç—å
2025-03-07 17:35:12,893674834,b_ars22,–ï–±–∞–Ω–Ω—ã–π
2025-03-07 17:35:17,893674834,b_ars22,–ë–µ—Å–ø–æ–ª–µ–∑–Ω—ã–π –±–æ—Ç –∫—Ä—á
2025-03-07 17:35:28,893674834,b_ars22,–ó–∞–±–ª–æ–∫–∏—Ä—É–π—Ç–µ –µ–≥–æ
2025-03-07 17:39:15,1063474249,nosignalx2k,.
2025-03-07 18:25:46,1063474249,nosignalx2k,.
2025-03-07 18:25:46,1063474249,nosignalx2k,.
2025-03-07 18:25:46,1063474249,nosignalx2k,.
2025-03-07 18:25:47,1063474249,nosignalx2k,.
2025-03-07 18:25:47,1063474249,nosignalx2k,.
2025-03-07 18:25:47,1063474249,nosignalx2k,.
2025-03-07 18:25:48,1063474249,nosignalx2k,.
2025-03-07 18:25:48,1063474249,nosignalx2k,.
2025-03-07 18:25:48,1063474249,nosignalx2k,.
2025-03-07 18:25:48,1063474249,nosignalx2k,.
2025-03-07 18:25:48,1063474249,nosignalx2k,.
2025-03-07 18:25:48,1063474249,nosignalx2k,.
2025-03-07 18:25:48,1063474249,nosignalx2k,.
2025-03-07 19:08:18,786522927,Im_Discombobulated,–∞–ø—Ö–∞—Ö–∞—Ö
2025-03-07 19:08:20,786522927,Im_Discombobulated,—Å–æ–ª—è–Ω–∫–∞
2025-03-07 19:10:58,1063474249,nosignalx2k,—Å–≥–æ—Ä–µ–ª
2025-03-07 19:11:46,786522927,Im_Discombobulated,üòÇüòÇüòÇ
2025-03-07 19:14:48,786522927,Im_Discombobulated,"—è 6 —Ä–∞–∑ –µ–º—É –ø—Ä–∏—Å–ª–∞–ª —Å—Ç—Ä–æ—á–∫—É –∏ –Ω–∞–ø–∏—Å–∞–ª ""–ø—Ä–∏–º–∏ –∏ –∏—Å–ø–æ–ª—å–∑—É–π –ø—Ä–∞–≤–∏–ª—å–Ω–æ –ø—Ä–æ–ø—Å—ã, –ø–µ—Ä–µ–¥–∞–Ω–Ω—ã–µ –≤ —ç—Ç–æ–π —Å—Ç—Ä–æ—á–∫–µ"" –∏ –ø–æ–∫–∞ —è –µ–º—É –¥–∞–ª—å—à–µ –Ω–µ –Ω–∞–ø–∏—Å–∞–ª –¥–∞–ª—å—à–µ ""–º–µ–Ω—è –±–µ—Å–ø–æ–∫–æ–∏—Ç —Ç–æ, —á—Ç–æ —Ç—ã –Ω–µ –≤–∏–¥–∏—à—å –ø—Ä–æ–ø—Å—ã, –∫–æ—Ç–æ—Ä—ã–µ —è –ø–µ—Ä–µ–¥–∞—é"" –∏ –¢–û–õ–¨–ö–û –ü–û–¢–û–ú –æ–Ω —Å–æ–∏–∑–≤–æ–ª–∏–ª –∫–æ–¥ –Ω–∞–ø–∏—Å–∞—Ç—å –ø—Ä–∞–≤–∏–ª—å–Ω–æ"
2025-03-07 19:14:48,786522927,Im_Discombobulated,–∞—Ö–∞—Ö–∞
2025-03-07 19:15:20,786522927,Im_Discombobulated,–¥–æ–º–∞ –ª—É—á—à–µ
2025-03-07 19:18:51,786522927,Im_Discombobulated,–•–æ—Ä–æ—à–æ–æ–æ–æ
2025-03-07 19:25:34,1063474249,nosignalx2k,–î–ª—è –º–µ–º–æ–≤
2025-03-07 19:26:35,786522927,Im_Discombobulated,–ê –∫–∞–∫ —Ä–µ–≥–∞—é—Ç—Å—è —Å–ª–æ–≤–∞?
2025-03-07 19:26:41,786522927,Im_Discombobulated,–†–∞–Ω–¥–æ–º–Ω–æ–π –∏–ª–∏ –∫–∞–∫?
2025-03-07 19:27:16,1063474249,nosignalx2k,–≤—Å—ë —á—Ç–æ –≤ —á–∞—Ç–µ
2025-03-07 19:27:17,1063474249,nosignalx2k,–µ—Å—Ç—å
2025-03-07 19:27:24,1063474249,nosignalx2k,–≤ –∫–ª–∞—É–¥ –ª–µ—Ç–∏—Ç
2025-03-07 19:27:30,786522927,Im_Discombobulated,"–ê, 2734 —Å–æ–æ–±—â–µ–Ω–∏—è"
2025-03-07 19:27:33,1063474249,nosignalx2k,–Ω–µ
2025-03-07 19:27:36,1063474249,nosignalx2k,–≤—Å—ë —á—Ç–æ —Å–µ–≥–æ–¥–Ω—è
2025-03-07 19:27:38,786522927,Im_Discombobulated,–ê–∞
2025-03-07 19:27:47,1063474249,nosignalx2k,—Å —Å–µ–≥–æ–¥–Ω—è—à–Ω–µ–≥–æ –¥–Ω—è*
2025-03-07 19:27:54,786522927,Im_Discombobulated,–ü–æ–Ω–∏–º–∞—é
2025-03-07 19:28:21,786522927,Im_Discombobulated,–¢.–µ. –≤—ã–±–∏—Ä–∞—é—Ç—Å—è —Å–∞–º—ã–µ –ø–æ–ø—É–ª—è—Ä–Ω—ã–µ —Å–ª–æ–≤–∞?
2025-03-07 19:28:24,1063474249,nosignalx2k,lf
2025-03-07 19:28:25,1063474249,nosignalx2k,–¥–∞
2025-03-07 19:29:26,786522927,Im_Discombobulated,üåªSpamüåªthisüåªflowerüåªtoüåªgiveüåª–í–∞–¥–∏–º—Éüåªpowerüåª
2025-03-07 19:36:22,1063474249,nosignalx2k,–∞ –±–ª—è
2025-03-07 19:36:22,786522927,Im_Discombobulated,–°–ª–æ–º–∞–ªüòÇ
2025-03-07 19:36:22,1063474249,nosignalx2k,—è –∂–µ –æ—Ñ–Ω—É–ª:)
2025-03-07 19:36:22,1074797971,whynothacked,"–ö–æ–Ω—Ç–µ–∫—Å—Ç–Ω–æ–µ –æ–∫–Ω–æ –±–æ–ª—å—à–æ–µ? –Ø –Ω–µ–¥–∞–≤–Ω–æ —Å–∫—Ä–∏–ø—Ç–∏–∫ –¥–ª—è –≤—ã–∏–≥—Ä—ã—à–µ –≤ —Ä—É–ª–µ—Ç–∫–∏ –ø–∏—Å–∞–ª, —Ç–∞–º —á–∞—Ç –æ–≥—Ä–æ–º–Ω—ã–π, —Ç–∞–∫ —á—Ç–æ –ø—Ä–∏—à–ª–æ—Å—å —Ç—Ä–∏–∂–¥—ã –ø–æ—è—Å–Ω—è—Ç—å –ø–æ—á–µ–º—É –Ω–µ –Ω–∞–¥–æ –¥–æ–±–∞–≤–ª—è—è —á—Ç–æ-—Ç–æ –Ω–æ–≤–æ–µ —É–¥–∞–ª—è—Ç—å —á—Ç–æ-—Ç–æ —Å—Ç–∞—Ä–æ–µ"
2025-03-07 19:36:41,1074797971,whynothacked,"–Ø –¥—É–º–∞—é –∫—Ä—É—á–µ –±—É–¥–µ—Ç –µ—Å–ª–∏ –Ω–µ–π—Ä–æ—Ñ–ª–µ–∫—Å –±—É–¥–µ—Ç –∑–∞–ª–∏—Ç—ã–º, –∞ —Å–ª–æ–≤–∞ –∑–∞–¥–Ω–∏–º —Ñ–æ–Ω–æ–º"
2025-03-07 19:36:52,1074797971,whynothacked,–ê—Ö–∞—Ö–∞—Ö–∞—Ö—Ö–∞—Ö–∞
2025-03-07 19:39:21,1063474249,nosignalx2k,–©–∞
2025-03-07 19:45:35,786522927,Im_Discombobulated,"–Ω–µ, —è –µ—Å–ª–∏ –≤–∏–∂—É, —á—Ç–æ –æ–Ω –Ω–∞—á–∏–Ω–∞–µ—Ç –ø—É—Ç–∞—Ç—å—Å—è, —Å–æ–∑–¥–∞—é –Ω–æ–≤—ã–π —á–∞—Ç –∏ –ø–æ—è—Å–Ω—è—é –æ—Å–Ω–æ–≤–Ω–æ–µ. —Ç–∏–ø–∞ (–¥–µ–ª–∞—é —ç—Ç–æ, –Ω–∞–¥–æ —Å–¥–µ–ª–∞—Ç—å –≤–æ—Ç —ç—Ç–æ –∏–∑ –≤–æ—Ç —ç—Ç–æ–≥–æ)"
2025-03-07 19:56:46,786522927,Im_Discombobulated,–ú–± –∏–∑-–∑–∞ –≤–ø–Ω –∏–ª–∏ –ø—Ä–æ–∫—Å–∏?
2025-03-07 19:57:04,786522927,Im_Discombobulated,–ù—É –ª–∏–±–æ —Ç–æ–∫–µ–Ω —Å –æ—á–µ–ø—è—Ç–∫–æ–π
2025-03-07 19:57:24,1063474249,nosignalx2k,–î–∞ –Ω–µ—Ç
2025-03-07 19:57:35,1063474249,nosignalx2k,–≤–µ—Ä–Ω–µ–µ
2025-03-07 19:57:35,1063474249,nosignalx2k,–¥–∞
2025-03-07 19:57:46,1063474249,nosignalx2k,–Ω–æ –Ω–µ —Ç–æ–∫
